<?xml version="1.0" encoding="UTF-8" ?><Geospatial_Working_Set Version="1.0" Creator="Autodesk" OfflineStatus="false" QueueEdits="false" TBOfflineStatus="false" TBQueueEdits="false"><Coordinate_System Name="HARN/WO.OR-NIF" Type="Abbreviation"/><Layer_Sources><Layer_Source Name="Library://2012_MHWLJPCopy.LayerDefinition" SaveMode="EditSet"><Query Type="Feature"><Qualified_Class_Name Feature_Source="Library://2012_MHWLJPCopy.FeatureSource" Schema="Default" Class_Name="2012_MHWLJPCopy"/></Query><Cache_Feature_Source Provider="OSGeo.SQLite.4.2"><CacheStatus>1</CacheStatus></Cache_Feature_Source><Coordinate_System Name="HARN/WO.OR-NIF" Type="Abbreviation"/></Layer_Source><Layer_Source Name="Library://Lines_Parcels.LayerDefinition" SaveMode="EditSet"><Query Type="Feature"><Qualified_Class_Name Feature_Source="Library://Lines_Parcels.FeatureSource" Schema="Default" Class_Name="Lines_Parcels"/></Query><Cache_Feature_Source Provider="OSGeo.SQLite.4.2"><CacheStatus>1</CacheStatus></Cache_Feature_Source><Coordinate_System Name="HARN/WO.OR-NIF" Type="Abbreviation"/></Layer_Source><Layer_Source Name="Library://Lower_parcel_boundary.LayerDefinition" SaveMode="EditSet"><Query Type="Feature"><Qualified_Class_Name Feature_Source="Library://Lower_parcel_boundary.FeatureSource" Schema="Default" Class_Name="Lower_parcel_boundary"/></Query><Cache_Feature_Source Provider="OSGeo.SQLite.4.2"><CacheStatus>1</CacheStatus></Cache_Feature_Source><Coordinate_System Name="HARN/WO.OR-NIF" Type="Abbreviation"/></Layer_Source><Layer_Source Name="Library://Ordinary_HighWLJP.LayerDefinition" SaveMode="EditSet"><Query Type="Feature"><Qualified_Class_Name Feature_Source="Library://Ordinary_HighWLJP.FeatureSource" Schema="Default" Class_Name="Ordinary_HighWLJP"/></Query><Cache_Feature_Source Provider="OSGeo.SQLite.4.2"><CacheStatus>1</CacheStatus></Cache_Feature_Source><Coordinate_System Name="HARN/WO.OR-NIF" Type="Abbreviation"/></Layer_Source><Layer_Source Name="Library://Ordinary_LowWLJP.LayerDefinition" SaveMode="EditSet"><Query Type="Feature"><Qualified_Class_Name Feature_Source="Library://Ordinary_LowWLJP.FeatureSource" Schema="Default" Class_Name="Ordinary_LowWLJP"/></Query><Cache_Feature_Source Provider="OSGeo.SQLite.4.2"><CacheStatus>1</CacheStatus></Cache_Feature_Source><Coordinate_System Name="HARN/WO.OR-NIF" Type="Abbreviation"/></Layer_Source><Layer_Source Name="Library://RA_Polygons.LayerDefinition" SaveMode="EditSet"><Query Type="Feature"><Qualified_Class_Name Feature_Source="Library://RA_Polygons.FeatureSource" Schema="Default" Class_Name="RA_Polygons"/></Query><Cache_Feature_Source Provider="OSGeo.SQLite.4.2"><CacheStatus>1</CacheStatus></Cache_Feature_Source><Coordinate_System Name="HARN/WO.OR-NIF" Type="Abbreviation"/></Layer_Source><Layer_Source Name="Library://railroad.LayerDefinition" SaveMode="EditSet"><Query Type="Feature"><Qualified_Class_Name Feature_Source="Library://SHP_1.FeatureSource" Schema="Default" Class_Name="railroad"/><Filter Value="Geometry INTERSECTS GeomFromText(&apos;POLYGON XYZ ((7621935.35129882 708388.667065653 0, 7621935.35129882 703853.335318743 0, 7630825.52667067 703853.335318743 0, 7630825.52667067 708388.667065653 0, 7621935.35129882 708388.667065653 0))&apos;)"/></Query><Cache_Feature_Source Provider="OSGeo.SQLite.4.2"><CacheStatus>1</CacheStatus></Cache_Feature_Source><Coordinate_System Name="" Type="Wkt"/></Layer_Source><Layer_Source Name="Library://taxlots.LayerDefinition" SaveMode="EditSet"><Query Type="Feature"><Qualified_Class_Name Feature_Source="Library://SHP_2.FeatureSource" Schema="Default" Class_Name="taxlots"/><Filter Value="Geometry INSIDE GeomFromText(&apos;POLYGON XYZ ((7624550.69906231 707236.313933099 0, 7624550.69906231 704797.910541051 0, 7628474.29811463 704797.910541051 0, 7628474.29811463 707236.313933099 0, 7624550.69906231 707236.313933099 0))&apos;)"/></Query><Cache_Feature_Source Provider="OSGeo.SQLite.4.2"><CacheStatus>1</CacheStatus></Cache_Feature_Source><Coordinate_System Name="" Type="Wkt"/></Layer_Source><Layer_Source Name="Library://TOB_NEW_CO_Revision.LayerDefinition" SaveMode="EditSet"><Query Type="Feature"><Qualified_Class_Name Feature_Source="Library://TOB_NEW_CO_Revision.FeatureSource" Schema="Default" Class_Name="TOB_NEW_CO_Revision"/></Query><Cache_Feature_Source Provider="OSGeo.SQLite.4.2"><CacheStatus>1</CacheStatus></Cache_Feature_Source><Coordinate_System Name="OR83-NIF" Type="Abbreviation"/></Layer_Source><Layer_Source Name="Library://Top_Of_Bank_JPcut_to_extent.LayerDefinition" SaveMode="EditSet"><Query Type="Feature"><Qualified_Class_Name Feature_Source="Library://Top_Of_Bank_JPcut_to_extent.FeatureSource" Schema="Default" Class_Name="Top_Of_Bank_JPcut_to_extent"/></Query><Cache_Feature_Source Provider="OSGeo.SQLite.4.2"><CacheStatus>1</CacheStatus></Cache_Feature_Source><Coordinate_System Name="" Type="Wkt"/></Layer_Source></Layer_Sources><Feature_Sources><Feature_Source Name="Library://2012_MHWLJPCopy.FeatureSource" Provider="OSGeo.SHP" Version=""><Parameter Name="DefaultFileLocation" Value="P:\Projects\Port of Portland\00 - PH-USC Contract 905\05 WC\01 Repts and Wk Plans\01 FS\Figure Update 2018\Backup\For Jona\For Jona\2012_MHWLJPCopy.shp"/><Parameter Name="TemporaryFileLocation" Value=""/></Feature_Source><Feature_Source Name="Library://Lines_Parcels.FeatureSource" Provider="OSGeo.SHP" Version=""><Parameter Name="DefaultFileLocation" Value="P:\Projects\Port of Portland\00 - PH-USC Contract 905\05 WC\01 Repts and Wk Plans\01 FS\Figure Update 2018\Backup\For Jona\For Jona\Lines_Parcels.shp"/><Parameter Name="TemporaryFileLocation" Value=""/></Feature_Source><Feature_Source Name="Library://Lower_parcel_boundary.FeatureSource" Provider="OSGeo.SHP" Version=""><Parameter Name="DefaultFileLocation" Value="P:\Projects\Port of Portland\00 - PH-USC Contract 905\05 WC\01 Repts and Wk Plans\01 FS\Figure Update 2018\Backup\For Jona\For Jona\Lower_parcel_boundary.shp"/><Parameter Name="TemporaryFileLocation" Value=""/></Feature_Source><Feature_Source Name="Library://Ordinary_HighWLJP.FeatureSource" Provider="OSGeo.SHP" Version=""><Parameter Name="DefaultFileLocation" Value="P:\Projects\Port of Portland\00 - PH-USC Contract 905\05 WC\01 Repts and Wk Plans\01 FS\Figure Update 2018\Backup\For Jona\For Jona\Ordinary_HighWLJP.shp"/><Parameter Name="TemporaryFileLocation" Value=""/></Feature_Source><Feature_Source Name="Library://Ordinary_LowWLJP.FeatureSource" Provider="OSGeo.SHP" Version=""><Parameter Name="DefaultFileLocation" Value="P:\Projects\Port of Portland\00 - PH-USC Contract 905\05 WC\01 Repts and Wk Plans\01 FS\Figure Update 2018\Backup\For Jona\For Jona\Ordinary_LowWLJP.shp"/><Parameter Name="TemporaryFileLocation" Value=""/></Feature_Source><Feature_Source Name="Library://RA_Polygons.FeatureSource" Provider="OSGeo.SHP" Version=""><Parameter Name="DefaultFileLocation" Value="P:\Projects\Port of Portland\00 - PH-USC Contract 905\05 WC\01 Repts and Wk Plans\01 FS\Figure Update 2018\Backup\For Jona\For Jona\RA_Polygons.shp"/><Parameter Name="TemporaryFileLocation" Value=""/></Feature_Source><Feature_Source Name="Library://SHP_1.FeatureSource" Provider="OSGeo.SHP" Version=""><Parameter Name="DefaultFileLocation" Value="I:\Portland Drafting Resources\Portland Metro RLIS Data\2021\railroad july 26 2018\railroad.shp"/><Parameter Name="TemporaryFileLocation" Value=""/></Feature_Source><Feature_Source Name="Library://SHP_2.FeatureSource" Provider="OSGeo.SHP" Version=""><Parameter Name="DefaultFileLocation" Value="I:\Portland Drafting Resources\Portland Metro RLIS Data\2022\Jan 20 2022 Taxlots\taxlots.shp"/><Parameter Name="TemporaryFileLocation" Value=""/></Feature_Source><Feature_Source Name="Library://TOB_NEW_CO_Revision.FeatureSource" Provider="OSGeo.SHP" Version=""><Parameter Name="DefaultFileLocation" Value="P:\Projects\Port of Portland\00 - PH-USC Contract 905\05 WC\01 Repts and Wk Plans\01 FS\Figure Update 2018\Backup\For Jona\For Jona\TOB_NEW_CO_Revision.shp"/><Parameter Name="TemporaryFileLocation" Value=""/></Feature_Source><Feature_Source Name="Library://Top_Of_Bank_JPcut_to_extent.FeatureSource" Provider="OSGeo.SHP" Version=""><Parameter Name="DefaultFileLocation" Value="I:\Client\Port of Portland\00-PH905\05 WC\01 Repts and Wk Plans\26 Remedial Design\Top_Of_Bank_JPcut_to_extent\Top_Of_Bank_JPcut_to_extent.shp"/><Parameter Name="TemporaryFileLocation" Value=""/></Feature_Source></Feature_Sources></Geospatial_Working_Set>